time,u,v,r,x,y,Ψ,x1,y1,x2,y2,δ,n_p,X_F,Y_F,N_F
0.0,1.2,0.0,0.0,0.0,0.0,0.0,1.0,0.0,-1.0,1.2246467991473532e-16,0.3490658503988659,15.0,-0.3655019260326303,0.0030782353148052933,-0.012501786311494276
0.25,1.1985068812056936,-0.007814054723029979,0.017576032245368797,0.29981205803712035,-0.000718295219625978,0.002270314676299044,1.2998094808741616,0.001552017506349554,-0.7001853647999209,-0.0029886079456014096,0.3490658503988659,15.0,-0.3728804344893891,0.015290080251434402,-0.006702795139714719
0.5,1.1970151602349812,-0.016755136834172308,0.03219316836043412,0.5992660782946324,-0.002242268367240929,0.008544618227384155,1.5992295732666437,0.006302245886048993,-0.40069741667737874,-0.01078678262053083,0.34906585039886595,14.999999999999996,-0.376720931302817,0.026984593351208248,-0.0032659122724428436
0.75,1.1953724886274126,-0.02645513527118518,0.044646423121886554,0.898364683112678,-0.0037110827719504854,0.01818883762316777,1.8981992707660549,0.014476751954053112,-0.10146990454069878,-0.021898917497953748,0.3490658503988659,14.999999999999996,-0.389776774349657,0.054096435700842896,0.010623146851342781
1.0,1.1934317851564922,-0.03661273157940075,0.05550148884276579,1.1970759184045359,-0.004348578901928326,0.030737231502717285,2.1966035668950115,0.026383812855806772,0.19754826991406046,-0.03508097065966325,0.3490658503988658,14.999999999999993,-0.40348743426055983,0.08854279560927604,0.033920613462933374
1.25,1.191088709213685,-0.04699796460746618,0.06514267920478524,1.4953318346905984,-0.00343908507663816,0.04584140733704764,2.4942813013655347,0.042386268493847364,0.49638236801566193,-0.0492644386471236,0.34906585039886584,14.999999999999996,-0.4165829257059908,0.12988951500701998,0.06407993694974452
1.5,1.1882636893229266,-0.05742626472142818,0.07382576193294686,1.7930310417055673,-0.000314475780067168,0.06323201730914901,2.7910325637064592,0.06287541331586134,0.7950295197046753,-0.06350436487599562,0.3490658503988659,14.999999999999996,-0.4297554804281894,0.177986253712916,0.09883406711857332
1.75,1.1848957076247875,-0.06774617150089988,0.08171720664140454,2.090039330443165,0.00565349686139729,0.08269180961604983,3.0866223105338433,0.0882510984842339,1.0934563503524861,-0.07694410476143909,0.34906585039886584,14.999999999999995,-0.444641734572761,0.23504839496831112,0.13904716920308974
2.0,1.1809389545359057,-0.07782901535306534,0.0889271428412237,2.386189950305104,0.01505682241142706,0.10403765091017736,3.380782913613988,0.11890689384365533,1.3915969869962195,-0.08879324902080123,0.34906585039886595,14.999999999999996,-0.45883716095969396,0.29064361829148355,0.1816791069968789
2.25,1.1763694218167908,-0.08757766901686302,0.09552159748913155,2.6812852531325895,0.028450610895424073,0.1271080195804094,3.673217899240781,0.1552166378303877,1.689352607024398,-0.09831541603953924,0.34906585039886595,14.999999999999995,-0.4710513372462159,0.34587545401911735,0.22505284123149022
2.5,1.1711815293221925,-0.09691031965154845,0.10154110200517508,2.9750996594574937,0.04635056144030104,0.15175446441668164,3.963607031851945,0.1975232267003171,1.9865922870630421,-0.1048221038197151,0.34906585039886584,14.999999999999995,-0.4851372122921315,0.4042113020058435,0.26773998779790054
2.75,1.165377229297282,-0.10575651297760941,0.10701119689674643,3.2673815649153974,0.06923108541488793,0.17783662175403028,4.251610263791591,0.24613181551112612,2.2831528660392038,-0.10766964468134997,0.34906585039886584,14.999999999999995,-0.4964014544916012,0.460035527174346,0.30862249223299665
3.0,1.1589813388499057,-0.11406620766798695,0.1119500214063578,3.5578568400778847,0.09752213717488534,0.20521944628645739,4.536873128966328,0.30130414347365375,2.578840551189441,-0.10625986912388294,0.3490658503988659,14.999999999999993,-0.510735235816514,0.5190590589968344,0.350682648939853
3.25,1.1520190956430032,-0.12179687946948545,0.11638045538745048,3.846232260529113,0.13160645384873315,0.2337730032956872,4.8190315672957915,0.36325599249391327,2.873432953762435,-0.10004308479644697,0.34906585039886584,14.999999999999993,-0.5215834753149359,0.5788873594798266,0.3888671131633058
3.5,1.144538687147694,-0.128922274328015,0.12031726943889229,4.132199695386718,0.17181788338079335,0.2633719510406637,5.097717318183341,0.43215558728228637,3.1666820725900955,-0.0885198205206995,0.34906585039886595,14.999999999999995,-0.5322173678436449,0.6381542537953505,0.42560091103909947
3.75,1.136589836523966,-0.13542989090779514,0.12378383098042713,4.415441360725673,0.21843947752609302,0.2938957339151553,5.372563973773523,0.5081225864442044,3.458318747677823,-0.07124363139201817,0.34906585039886595,15.0,-0.5403273438722884,0.6969505258269647,0.45863965985199934
4.0,1.1282324329647535,-0.14131854831072474,0.12680321277125056,4.695634012955778,0.27170280158331955,0.32522957754365056,5.643211408271323,0.591229138349758,3.7480566176402315,-0.04782353518311885,0.34906585039886595,15.0,-0.5469318552840255,0.75507617476343,0.4881539757728969
4.25,1.1195279192112029,-0.146597233396542,0.12940286282012872,4.972453539405452,0.33178842236074574,0.3572650443324092,5.909310316049524,0.6815017050029688,4.0355967627613785,-0.01792486028147724,0.3490658503988659,14.999999999999996,-0.550906295588393,0.8099055090831044,0.5137077256718761
4.5,1.1105413537792872,-0.15128617680305495,0.13161247624254804,5.245579105646679,0.39882695638491195,0.38990085246265377,6.170525855703315,0.7789236671841359,4.320632355590044,0.01873024558568834,0.3490658503988659,14.999999999999993,-0.5549268688419455,0.8699190613153426,0.5410285346964504
4.75,1.101332059208208,-0.1554033209737171,0.13347337786551808,5.514696027012156,0.4729020178243404,0.423044711525794,6.426539224005015,0.8834406689862535,4.602852830019297,0.06236336666242727,0.3490658503988659,14.999999999999995,-0.556360108524134,0.921739874560087,0.5605141798048134
5.0,1.0919627369774652,-0.15898685676131893,0.13500862394472285,5.779499025558598,0.5540526172023589,0.4566122353827636,6.677050369926385,0.9949625674456951,4.881947681190812,0.11314266695902277,0.3490658503988659,14.999999999999995,-0.556564631220285,0.9766171776662788,0.5817336518428597
5.25,1.0824903362207814,-0.16206567419549908,0.13626015694717453,6.039695203375565,0.6422763100301702,0.4905273453714709,6.921779756928018,1.1133674268899358,5.157610649823112,0.17118519317040481,0.3490658503988659,14.999999999999995,-0.55472844675631,1.0263298711282387,0.5961470722258939
5.5,1.072969588866381,-0.16468042916502157,0.13725169267069595,6.2950056792670495,0.7375334154124329,0.5247220422837591,7.160468903482678,1.2385058772607405,5.429542455051421,0.23656095356412524,0.3490658503988659,14.999999999999995,-0.5517173246843937,1.077002746747243,0.6113971569881756
5.75,1.063449122236273,-0.16686567509877334,0.13802041312589547,6.54516722592552,0.8397505403082761,0.5591360741759919,7.392880926173634,1.3702045745201534,5.697453525677407,0.309296506096399,0.3490658503988659,14.999999999999996,-0.5472548663046692,1.12496280476914,0.6242325710121982
6.0,1.0539732385115645,-0.16866039893919668,0.13859368979941378,6.78993286053409,0.9488248799249999,0.5937172007712507,7.618799697984809,1.508270825280303,5.9610660230833705,0.3893789345696969,0.3490658503988659,14.999999999999995,-0.5417589597119596,1.1690271038847904,0.6341581929292155
6.25,1.0445806322885778,-0.17010391928719867,0.13899591766560143,7.029072710054961,1.064627442096925,0.6284196500169712,7.83803026386123,1.6524944986155685,6.220115156248691,0.4767603855782821,0.3490658503988659,14.999999999999996,-0.5344382208916173,1.2111935825271158,0.6428138584615039
6.5,1.0353067397257676,-0.17123181881827104,0.13925219311604517,7.262374240157797,1.187006842256395,0.6632038638958321,8.050398077539294,1.8026515707472288,6.4743504027763,0.5713621137655611,0.3490658503988659,14.999999999999995,-0.5274437516299525,1.2506721798046694,0.6483348411463826
6.75,1.0261783050748956,-0.1720788104803074,0.13938146668164728,7.489641788360853,1.3157926599869436,0.6980357611082799,8.255747896797924,1.9585067726493974,6.7235356799237795,0.6730785473244901,0.3490658503988659,14.999999999999996,-0.5176584276680151,1.2856563334069095,0.6518783844678702
7.0,1.017223860759641,-0.17267928762235238,0.1394027474801663,7.710696696408114,1.4507983880932358,0.7328860168931367,8.453943401081068,2.1198158288172,6.96744999173516,0.7817809473692713,0.3490658503988659,14.999999999999996,-0.5088026132118183,1.3146828268611426,0.6551700903147756
7.25,1.0084603823660307,-0.17306662245614973,0.13933551762250793,7.925376935071131,1.5918238922232966,0.7677301360373995,8.644865886178012,2.286327779350783,7.20588798396425,0.8973200050958102,0.3490658503988659,14.999999999999998,-0.49886951936605123,1.3439024067014864,0.6562548364068765
7.5,0.9999051250012168,-0.1732651804917899,0.13919318640566095,8.133535626907115,1.738658239675655,0.802547707763441,8.828412463453587,2.457787005635726,7.438658790360643,1.0195294737155844,0.3490658503988659,14.999999999999996,-0.4876065108919427,1.3715682339492785,0.6551792385286976
7.75,0.9915728159044881,-0.17329918653295173,0.1389873954815248,8.335040388402984,1.891082644653601,0.8373214460042702,9.004495384258512,2.633935260267346,7.665585392547454,1.1482300290398564,0.3490658503988659,15.0,-0.47581247979534536,1.3959582811334903,0.6526349211745669
8.0,0.9834737570368681,-0.17319249915345175,0.13872934124458855,8.529772827420317,2.0488719072582464,0.8720369228650006,9.173041158938872,2.8145127196927926,7.886504495901761,1.2832310948236996,0.3490658503988659,14.999999999999998,-0.4638390271404049,1.4165957385763133,0.6488067112160475
8.25,0.9756149218269121,-0.17296722243307164,0.13842884795244056,8.717627760088527,2.2117956855349497,0.9066823349269986,9.333989436038033,2.9992588811325405,8.101266084139022,1.4243324899373588,0.3490658503988659,15.0,-0.4521540031962867,1.432493638347997,0.6436000859505955
8.5,0.9680000294635082,-0.1726443123397194,0.13809404463066308,8.898512429598915,2.3796196734377744,0.9412481159435421,9.487292069367367,3.1879132684848632,8.309732789830463,1.5713260783906853,0.3490658503988659,14.999999999999998,-0.4405324468330344,1.442371512025095,0.6381546649114875
8.75,0.9606310604369924,-0.17224386632173225,0.1377336894785313,9.072345913968002,2.5521066307470153,0.9757268195523668,9.632912229431767,3.3802161681689187,8.511779598504239,1.7239970933251116,0.3490658503988659,15.0,-0.4253248057752275,1.4580658287762194,0.6264138521211499
9.0,0.9535159229816593,-0.17177186830926086,0.1373452842743627,9.239057764555913,2.7290190062795014,1.010111712994886,9.77082388049072,3.575910261368157,8.707291648621103,1.8821277511908459,0.3490658503988659,14.999999999999998,-0.4139876754488386,1.4615570964255329,0.6200565162576728
9.25,0.94664627682613,-0.1712519106497064,0.1369463441652004,9.398587707963376,2.910118454364227,1.0443980781163873,9.901010160340572,3.7747407298976605,8.896165255586181,2.0454961788307937,0.3490658503988659,15.0,-0.3995739443539941,1.4666631678955284,0.6085170874734874
9.5,0.9400258551333384,-0.17069112408414627,0.13653306761902254,9.550884965211054,3.0951662871258074,1.0785827668033265,10.023462795505298,3.9764552263024036,9.078307134916809,2.2138773479492104,0.3490658503988659,14.999999999999998,-0.38648493960976876,1.4679544721163678,0.5982844752281264
9.75,0.9336490021204504,-0.17010120291781802,0.13611368152131806,9.695907210831926,3.283925101236116,1.1126632727329748,10.138181663511306,4.180804863806113,9.253632758152545,2.387045338666118,0.3490658503988659,14.999999999999998,-0.372545187168737,1.4676889629588217,0.585933920637099
10.0,0.9275134083556753,-0.16949032940656772,0.13568882447210157,9.833619998089016,3.4761585658930803,1.1466381447519232,10.245173705061113,4.3875440750373516,9.422066291116918,2.5647730567488094,0.3490658503988659,14.999999999999996,-0.3588155265999817,1.464321166524501,0.5701910151216183
10.25,0.9216142895575719,-0.168867400427548,0.1352570930445427,9.963996419203438,3.6716320305932837,1.1805058221272338,10.344453508679267,4.596430604915078,9.583539329727609,2.7468334562714887,0.3490658503988659,14.999999999999998,-0.3462151431744215,1.4574911844526646,0.5538779055060905
10.5,0.9159445568561523,-0.1682405140578755,0.13482237308066336,10.087016817180116,3.8701122516881727,1.2142650953632823,10.436042528138046,4.807225400187502,9.737991106222186,2.9329991031888434,0.3490658503988659,14.999999999999996,-0.33320727140965845,1.4469092702827016,0.5400636014239932
10.75,0.9104992621929286,-0.16761698751466916,0.13439266038981865,10.20266839005362,4.071367795098661,1.2479162701912387,10.519967494003836,5.019693308112415,9.885369286103407,3.1230422820849073,0.3490658503988659,14.999999999999998,-0.3195091712643425,1.4352892501476386,0.5227104898324145
11.0,0.9052736625272936,-0.16700073093069925,0.13396389184154686,10.310944468065314,4.275169779251561,1.2814600593826186,10.59626061254288,5.2336032394879135,10.025628323587748,3.316736319015208,0.3490658503988659,14.999999999999998,-0.3060252279054193,1.4213728388813323,0.5061661902014699
11.25,0.9002611194804189,-0.16639626715608163,0.13354036899964916,10.411844074605552,4.48129189567685,1.3148972665358658,10.664959368789853,5.44872801648795,10.15872878042125,3.5138557748657497,0.3490658503988659,14.999999999999998,-0.29320887971540427,1.407154342190671,0.48861295196297144
11.5,0.8954539288763559,-0.16580554564444872,0.13312221813746186,10.505371372423058,4.68951019912716,1.3482292211306035,10.726105505552738,5.6648442149763225,10.284637239293378,3.7141761832779974,0.3490658503988659,14.999999999999998,-0.28126762791249793,1.386774012849041,0.47252838419431
11.75,0.8908437058558345,-0.16523618812279528,0.13271343095485627,10.591535895812115,4.899602880112979,1.3814577905500125,10.77974518931317,5.881731823716252,10.403326602311061,3.917473936509705,0.3490658503988659,14.999999999999998,-0.26763311370091014,1.366618931493781,0.4519251889623866
12.0,0.8864271510110291,-0.16468854868420202,0.13230723379483408,10.67035231498025,5.111350878598426,1.4145844219209915,10.825929676602561,6.099174589900722,10.514774953357934,4.123527167296131,0.3490658503988659,14.999999999999998,-0.25574845749735997,1.346944202647975,0.4327569441583708
12.25,0.8821944867864853,-0.16416232501809666,0.13190854205630467,10.741839543591256,5.324537871051914,1.4476104165719401,10.864714137171797,6.316960076697215,10.618964950010715,4.332115665406613,0.3490658503988659,14.999999999999998,-0.2441513565812239,1.3228556939925376,0.41393342460156357
12.5,0.8781386102624815,-0.16366228575366557,0.13151880211508005,10.806021031731538,5.538949695493634,1.4805378408755854,10.896157017681967,6.534879162895487,10.71588504578111,4.543020228091781,0.3490658503988659,14.999999999999998,-0.23370688710889265,1.2972922847301878,0.39515397860554485
12.75,0.8742506736913297,-0.1631895457541496,0.13113863200689843,10.862924843458156,5.754374449908216,1.5133690169550593,10.920320593620755,6.752725955073018,10.805529093295558,4.756022944743413,0.3490658503988659,14.999999999999998,-0.22205031521743046,1.271636737511386,0.37666968945025336
13.0,0.8705265544522246,-0.16274356960492692,0.13076884993649543,10.91258296663109,5.97060291408919,1.5461064475345585,10.937270337516761,6.97029813450439,10.887895595745421,4.970907693673989,0.3490658503988659,14.999999999999998,-0.2133331911625937,1.2455619844895498,0.3582835075451661
13.25,0.8669542301011945,-0.16232412322574283,0.130409563472929,10.955031075079859,6.1874280814511,1.5787527483491783,10.947074737471716,7.1873964292961166,10.962987412688001,5.187459733606082,0.3490658503988659,14.999999999999998,-0.1991037247733845,1.2129299593221452,0.33835962192106017
13.5,0.8635382288583645,-0.16193742644549525,0.13005793207831934,10.990309371126674,6.404646183448053,1.6113101621659716,10.949806617884146,7.403825610268497,11.030812124369202,5.405466756627608,0.3490658503988659,14.999999999999998,-0.1919068999860811,1.1853505827475652,0.3205314106413336
13.75,0.8602587339502584,-0.16157668469376388,0.1297182688613288,11.0184617610851,6.622055647376962,1.6437811844904089,10.945541681962451,7.619393434719258,11.091381840207749,5.624717860034667,0.3490658503988659,14.999999999999998,-0.1800105107351437,1.1527584990853423,0.301411804136868
14.0,0.8571190830611096,-0.16124635562971915,0.12938749971665425,11.03953557514431,6.839456918472781,1.6761683971664814,10.934358392361165,7.833910416742962,11.144712757927454,5.8450034202026,0.3490658503988659,14.999999999999996,-0.17245181063316026,1.123450875043112,0.2833647633468096
14.25,0.8541051702296517,-0.16094160756276613,0.12906757714212377,11.053581829911865,7.056653065609808,1.7084742900656587,10.916338407312361,8.047190416219726,11.190825252511369,6.06611571499989,0.3490658503988659,14.999999999999998,-0.16101417384371272,1.0885756951377021,0.2652359580640684
14.5,0.8512190503013428,-0.16066731761253233,0.12875755493616475,11.060655243776178,7.273449620609749,1.7407014456927867,10.891566408839473,8.259050435290698,11.229744078712882,6.287848805928798,0.3490658503988659,14.999999999999996,-0.1543477973940221,1.0597634018502895,0.24826512822611366
14.75,0.8484461169563184,-0.1604155906984582,0.12845913102578457,11.0608138578472,7.4896543558768505,1.7728525741198242,10.860129689195343,8.469310348791042,11.261498026499059,6.509998362962658,0.3490658503988659,14.999999999999996,-0.14417838965325966,1.0227775133777088,0.23079302256374026
15.0,0.8457881078590668,-0.1601941900971979,0.12817012045419257,11.054119408976701,7.705077311604465,1.8049302802910547,10.822118753324613,8.677792941054829,11.28612006462879,6.7323616821541,0.34906585039886584,14.999999999999996,-0.1376875515694138,0.9946758618092735,0.21511164601539642
15.25,0.8432329483290166,-0.15999211355771276,0.12789331074117258,11.040636904026801,7.9195309113386845,1.8369372975228588,10.777626664301465,8.884323953291116,11.303647143752137,6.954737869386252,0.3490658503988659,14.999999999999998,-0.12847852375996546,0.9561517926964386,0.1982620334236881
15.5,0.8407812635914065,-0.1598196935054155,0.12762494194558843,11.020434974067882,8.132829932105718,1.86887617219843,10.726749704820461,9.088732104206587,11.314120243315301,7.176927760004851,0.34906585039886584,14.999999999999998,-0.12173420047486232,0.9249019758190202,0.18319204286653015
15.75,0.8384236729431319,-0.15966754782919798,0.1273678587360369,10.993586016083137,8.344791796285996,1.9007493998114235,10.669587382958458,9.290849345134578,11.317584649207815,7.398734247437412,0.34906585039886584,14.999999999999998,-0.11531034403202053,0.8932077825037198,0.16862242848774706
16.0,0.8361553720406988,-0.15953527238722984,0.1271214420565592,10.960165106469372,8.555235537846155,1.932559721909818,10.60624106587184,9.490509708069618,11.314089147066902,7.619961367622692,0.3490658503988658,14.999999999999996,-0.10929327180264774,0.861197309666229,0.1544988187712139
16.25,0.8339715854552442,-0.15942231023243986,0.12688508470452187,10.920250928080744,8.76398260944059,1.9643097269604661,10.536815290515792,9.687550209481458,11.303686565645695,7.840415009399726,0.34906585039886584,14.999999999999998,-0.10379504408339385,0.8291536029163639,0.14090346318287655
16.5,0.8318675181479638,-0.15932779914942957,0.12665841434837033,10.873925757810719,8.970856868712124,1.996001882842625,10.461417715258277,9.88181082738931,11.286433800363163,8.059902910034937,0.34906585039886584,14.999999999999998,-0.09885768387751177,0.797345284059784,0.12790951776584522
16.75,0.8298384916050834,-0.1592506181766046,0.126441204884469,10.82127543413754,9.175684570857316,2.027638583780417,10.380159039361482,10.073134472667904,11.262391828913598,8.278234669046729,0.34906585039886584,15.0,-0.0944256048706464,0.765958193565622,0.11560012093418408
17.0,0.8278801302669866,-0.15918950186320444,0.12623334649499077,10.762389321812533,9.378294404950699,2.059222182798496,10.293152935128692,10.261367002992289,11.231625708496376,8.49522180690911,0.34906585039886584,14.999999999999996,-0.09034696417126778,0.7351482275239613,0.10395162834031414
17.25,0.8259885466537695,-0.1591430958354977,0.12603463699319284,10.697360267410048,9.578517579057316,2.0907549931720197,10.200516000101448,10.446357295849879,11.194204534718647,8.710677862264754,0.34906585039886584,14.999999999999996,-0.08644242791525265,0.7050844306749388,0.09285832268599187
17.5,0.8241604007317189,-0.15910996295081029,0.12584467658005885,10.626284541161196,9.776187935071674,2.122239251433484,10.102367728145062,10.627957371620688,11.150201354177328,8.924418498522657,0.34906585039886584,14.999999999999998,-0.0825274719613546,0.6758220256183822,0.08234131732482279
17.75,0.8223929032623785,-0.15908871193991359,0.1256631367810092,10.549261781845864,9.971142078912127,2.153677103344256,9.998830460389705,10.806022525658873,11.099693103302023,9.13626163216538,0.3490658503988659,14.999999999999998,-0.07843475347885949,0.6473168729776424,0.07250860496159857
18.0,0.8206837528179016,-0.15907809827434025,0.1254898914605928,10.466394951365741,10.163219516622373,2.185070638951444,9.89002930350934,10.980411440206499,11.042760599222143,9.346027593038247,0.3490658503988659,14.999999999999996,-0.07403856969739857,0.6196099312119548,0.06334263243399138
18.25,0.8190310327242708,-0.15907693113822316,0.12532476410449755,10.377790279372942,10.352262769821262,2.216421909948085,9.776092055180353,11.150986280808372,10.979488503565534,9.553539258834153,0.3490658503988659,14.999999999999996,-0.06922393755031855,0.5927960156053129,0.054677270497513815
18.5,0.8174331938899565,-0.15908402420430784,0.12516730287720146,10.2835571920888,10.538117468922723,2.247732887461746,9.657149161697763,11.317612805317822,10.909965222479837,9.75862213252762,0.34906585039886584,14.999999999999996,-0.06404656784077215,0.566874586877446,0.046566789692847624
18.75,0.815888716879148,-0.1590982874839013,0.12501722448392158,10.183808270849498,10.720632418499356,2.27900545180259,9.533333675711988,11.480160430544172,10.834282865987008,9.961104406454542,0.34906585039886584,14.999999999999998,-0.05879287324104727,0.541822156285599,0.0390626036014548
19.0,0.8143956467424778,-0.15911873806688656,0.12487436167201066,10.078659277579835,10.899659595188464,2.3102414278309555,9.404781245179745,11.638502201870445,10.752537309979923,10.16081698850648,0.34906585039886584,14.999999999999996,-0.05391340903505233,0.5176302187840285,0.03212257794763885
19.25,0.8129512767312497,-0.15914447000050994,0.12473846995784657,9.96822924639625,11.075054083436799,2.341442588620607,9.27163019491307,11.79251471752958,10.664828297879431,10.357593449344018,0.34906585039886584,14.999999999999996,-0.04991716483434771,0.4943373107131908,0.025607115356441085
19.5,0.8115520593555151,-0.1591745925742506,0.12460907846122977,9.852640621134366,11.246673992893475,2.3726106165633993,9.134021683715186,11.942078064482487,10.571259558553546,10.551269921304467,0.34906585039886584,14.999999999999996,-0.046605243569408566,0.46843262802645896,0.019502705617671597
19.75,0.810194884133312,-0.15921192739831028,0.12448566663665588,9.732019620951748,11.414380854848137,2.4037470672601935,8.992100082050849,12.087076236096548,10.471939159852647,10.741685473599725,0.34906585039886584,14.999999999999998,-0.04774224167022022,0.4482059078364152,0.013923377920214619
20.0,0.8088695561805066,-0.1592502606283483,0.12436824107058997,9.606496395711822,11.578038670814433,2.4348534439640406,8.84601306193558,12.227396121722,10.366979729488063,10.928681219906867,0.34906585039886584,14.999999999999996,-0.049305621986285075,0.4299693143101929,0.00969778187491706
20.25,0.8075740617160838,-0.15928773407187571,0.12425785724674841,9.476204603023687,11.737513726192315,2.4659313841494415,8.695911048052606,12.362927163904452,10.256498157994766,11.112100288480178,0.34906585039886584,14.999999999999996,-0.052039797979206937,0.4117049979129603,0.004722665726385877
20.5,0.8063051138642721,-0.15932484896614174,0.12415164301332837,9.341281359476676,11.892675867834592,2.496982270357665,8.541947416198225,12.493562918057624,10.140615302755126,11.291788817611563,0.3490658503988658,14.999999999999996,-0.058120382253244465,0.3908169072058795,-0.0015252275000674086
20.75,0.8050554157536438,-0.15936474103193146,0.12404651745620833,9.201868186364115,12.043398798640451,2.528006739395457,8.384279687504115,12.619201756718887,10.019456685224114,11.467595840562016,0.3490658503988658,14.999999999999998,-0.06659936491630654,0.37355912599123037,-0.004468655461818866
21.0,0.8038195553451382,-0.15940339432176379,0.12394802912009135,9.058110882266053,12.189559708496013,2.5590057992060644,8.223068687618332,12.739745616310831,9.893153076913775,11.639373800681195,0.3490658503988658,14.999999999999996,-0.07505934363415508,0.35527603760546383,-0.007436872059657218
21.25,0.8025968445606796,-0.15944215569926587,0.12385438624428115,8.910158605979921,12.331039648950787,2.58998087224641,8.05847764844016,12.855100281477448,9.761839563519684,11.806979016424128,0.3490658503988658,14.999999999999996,-0.08300131852569492,0.33860124759820076,-0.010317667624461634
21.5,0.8013876940085004,-0.15947948754158275,0.12376458299639662,8.75816338152915,12.467724282560196,2.6209330380415,7.890672140483136,12.965176739292016,9.625654622575166,11.970271825828378,0.3490658503988658,14.999999999999998,-0.08995982228071267,0.3218571596476551,-0.013219042213420636
21.75,0.8001935224910887,-0.15951578238438296,0.12367764649114005,8.602279719871062,12.599504012700395,2.6518631274496967,7.7198196015359475,13.069891235685905,9.484739838206178,12.129116789714883,0.34906585039886584,14.999999999999998,-0.09513190378548171,0.3062232028525142,-0.015666988480064058
22.0,0.799017320246602,-0.15955017021527407,0.12359373893506369,8.442664260424669,12.726274243355968,2.6827718779348313,7.54608887161661,13.169165394976433,9.339239649232729,12.283383091735503,0.3490658503988658,14.999999999999996,-0.09834107206504926,0.291840431946313,-0.01724299341360524
22.25,0.7978623737519374,-0.15958173674355072,0.1235137078168363,8.279475325500716,12.847935315322804,2.71366015773641,7.369649637046855,13.262925937662228,9.189301013954577,12.43294469298338,0.34906585039886584,14.999999999999996,-0.10071255403044363,0.27574137275456956,-0.019939472124057635
22.5,0.7967297714673274,-0.1596128855503811,0.12343477958713113,8.112873154064207,12.964392733769094,2.7445285684693195,7.1906728321822495,13.351105244972086,9.035073475946167,12.5776802225661,0.34906585039886584,14.999999999999996,-0.09953137243672859,0.26220710415797716,-0.025675321500825223
22.75,0.7956261478998865,-0.15964148248476198,0.12335198381610604,7.9430193502136754,13.075557254907404,2.7753767295425575,7.00933030271029,13.433642108779141,8.87670839771706,12.717472401035664,0.34906585039886584,14.999999999999996,-0.09717209002578735,0.25047497627167853,-0.02235626846653135
23.0,0.7945530104098937,-0.15966584474119558,0.12328186577964394,7.770076458823493,13.181344431668828,2.8062058551933435,6.825793387223365,13.510478873332925,8.71435953042362,12.852209990004729,0.34906585039886584,14.999999999999995,-0.09559478298931791,0.23697910771374203,-0.025107067789217015
23.25,0.793507951672517,-0.15968885434750993,0.12321106142612372,7.594208983135484,13.281674375283211,2.837017352448508,6.640234582424993,13.581562425710723,8.548183383845975,12.981786324855701,0.34906585039886584,14.999999999999995,-0.09261551071875036,0.22544231563222927,-0.022927560031418954
23.5,0.7924929354974496,-0.1597087260861553,0.12314839554969191,7.415583258287328,13.376472020205503,2.8678122131194264,6.452827608806129,13.646845020691934,8.378338907768528,13.106099019719071,0.34906585039886584,14.999999999999996,-0.08985488056996152,0.21527695204859135,-0.02331426450465778
23.75,0.7915067571087094,-0.15972480245453305,0.12308771783691719,7.23436705650262,13.465666639368044,2.898591661902585,6.263746798093598,13.706283168239532,8.204987314911643,13.225050110496555,0.3490658503988659,14.999999999999996,-0.08291711639609017,0.20016968979235278,-0.027617169436639118
24.0,0.7905570969275018,-0.15974325735271874,0.12302219106418674,7.0507290905115845,13.549193172124621,2.929355288263991,6.073167024264038,13.759840760846892,8.028291156759131,13.338545583402352,0.3490658503988659,14.999999999999996,-0.07937019106496977,0.19030423190916376,-0.026240191789032148
24.25,0.7896366081063038,-0.15975854091422237,0.12296327434252435,6.864839494492187,13.6269915626769,2.960103396051988,5.881263513774505,13.807486133662902,7.848415475209867,13.446496991690896,0.34906585039886584,14.999999999999995,-0.07561798428295628,0.1805254175291824,-0.026134368017470527
24.5,0.7887449032423443,-0.15977127454669254,0.12290736423897751,6.676870462484461,13.699005658367309,2.990837162540151,5.688212565887984,13.849190755822224,7.6655283590809375,13.548820560912391,0.34906585039886584,14.999999999999993,-0.06798350325985267,0.1690518779213764,-0.02548503330085296
24.75,0.7878887400306785,-0.15978385187087787,0.12285489286536441,6.486994606200247,13.76518457646385,3.0215573924414953,5.494190192153363,13.884931791250894,7.47979902024713,13.645437361676807,0.34906585039886584,14.999999999999993,-0.060361050354340716,0.1589430325213699,-0.02314568841078774
25.0,0.7870670576806503,-0.1597951963330692,0.12280826382297454,6.295384862660432,13.825482396600572,3.052265263147362,5.299371901767859,13.914691038191314,7.291397823553006,13.736273755009831,0.3490658503988659,14.999999999999995,-0.05580981116730791,0.1506740561171068,-0.025302759842801687
25.25,0.7862732542839752,-0.15980411145845824,0.12275884132089906,6.102216003308208,13.87985750929406,3.0829611000897037,5.10393434050169,13.938455476019094,7.100497666114727,13.821259542569027,0.3490658503988659,14.999999999999996,-0.05363744106551128,0.14167797121070524,-0.020831297360115342
25.5,0.7855020070457026,-0.15981159106256604,0.12271872793208702,5.907665093385345,13.928273142906384,3.1136458012898904,4.9080555812459545,13.95621635747606,6.907274605524736,13.90032992833671,0.3490658503988659,14.999999999999996,-0.048824681517362495,0.13304528055813267,-0.018849519777185655
25.75,0.7847575773508131,-0.15981777097029384,0.12268154224577435,5.711910027175183,13.97069743584893,3.1443208512987377,4.711913748704157,13.967969241524342,6.711906305646207,13.973425630173518,0.34906585039886584,14.999999999999995,-0.045192161603306004,0.12543564546577035,-0.017781245101993002
26.0,0.7840371038417158,-0.15982206635637594,0.12264532096277919,5.515129097214222,14.007103414150102,3.1749867246125674,4.515686627389578,13.973715549425453,6.514571567038866,14.04049127887475,0.34906585039886584,14.999999999999993,-0.043088048766509346,0.11874156946727542,-0.016013649011517816
26.25,0.7833371650489669,-0.15982395191893572,0.12261126944493327,5.3175018598567885,14.037469034573258,3.2056438226844124,4.319552434794911,13.97346165204062,6.315451284918666,14.101476417105895,0.34906585039886584,14.999999999999993,-0.03999657607410053,0.1118922815096186,-0.01325479626357715
26.5,0.7826591641154992,-0.15982403229836928,0.12258069448363475,5.11920846986633,14.061777350475595,3.236292859286088,4.123689184208368,13.967218628598326,6.114727755524293,14.156336072352863,0.3490658503988659,14.999999999999995,-0.03916677708742422,0.10644006673590317,-0.010132069082526686
26.75,0.7819981634268796,-0.15982122660510203,0.12255352662114025,4.920429749906941,14.080016447360997,3.266934696757684,3.9282747848578965,13.955002346842182,5.912584714955987,14.205030547879812,0.3490658503988659,14.999999999999996,-0.03954295827591847,0.10160830598668125,-0.00855806264101467
27.0,0.7813515452419418,-0.1598154327613058,0.12252642890930016,4.721347572263517,14.092179497264922,3.2975697480703388,3.7334873570421956,13.936834091208341,5.709207787484839,14.247524903321505,0.3490658503988659,14.999999999999995,-0.039820985592166236,0.09709385805915717,-0.006172685689122758
27.25,0.7807193278047808,-0.15980676084242262,0.12250089029834522,4.52214408401787,14.098265008765111,3.3281982268857275,3.5395044398413607,13.912740536814177,5.504783728194379,14.283789480716045,0.34906585039886584,14.999999999999995,-0.040282464511268594,0.09289994577441194,-0.0038662378809387736
27.5,0.780100937794257,-0.15979533704777385,0.12247650482040377,4.323001310368118,14.098276816435215,3.3588204695831285,3.346502639027075,13.882753395737643,5.299499981709162,14.313800237132785,0.34906585039886584,14.999999999999993,-0.04122812835843384,0.08837965867112352,-0.0017704962577792004
27.75,0.7794952423842479,-0.1597819509631669,0.12245273093235708,4.124101119196553,14.092224200372415,3.3894366930403503,3.1546575565551582,13.846909751443777,5.093544681837947,14.337538649301052,0.34906585039886584,14.999999999999995,-0.04420960488873665,0.08508724750686514,-0.00016635329159219955
28.0,0.7788981925264923,-0.15976567639992892,0.12242872984849233,3.925625513142198,14.08012190464293,3.4200469415736268,2.964144056843721,13.80525210056441,4.8871069694406755,14.354991708721448,0.3490658503988659,14.999999999999995,-0.044075854361086346,0.07628882744967541,0.0022352148323298493
28.25,0.7783155874327689,-0.15975266394073157,0.12240584707333982,3.7277554070655334,14.061990604743523,3.450651330289534,2.7751351003461497,13.757828557101258,4.680375713784917,14.36615265238579,0.3490658503988659,14.999999999999995,-0.05061782696245424,0.07295729629018011,0.0019026498417098593
28.5,0.7777343223439473,-0.1597371171622892,0.1223795495993896,3.530671736016043,14.037856616945318,3.4812495492816526,2.587802705122725,13.704693007614564,4.473540766909361,14.371020226276071,0.3490658503988659,14.999999999999993,-0.04992936129185743,0.06420430768260306,0.004385631631873615
28.75,0.7771683584377954,-0.1597249425663179,0.12235538961138206,3.334554209959317,14.007751661068841,3.511841468300814,2.402316868451114,13.645904263540757,4.266791551467519,14.369599058596926,0.34906585039886584,14.999999999999991,-0.05855799279324713,0.060244045403227364,0.0024915760559624162
29.0,0.7765994863973891,-0.1597110971107216,0.12232576938568321,3.1395818235364565,13.971713084659568,3.5424266298409077,2.2188459154516473,13.581526734868545,4.060317731621266,14.36189943445059,0.34906585039886584,14.999999999999991,-0.05701659684312902,0.051457096932504456,0.004802896939119166
29.25,0.776047446303843,-0.15970070650820642,0.12229913754548814,2.94593190646763,13.92978357172049,3.573004772254152,2.03755573391245,13.51162961785408,3.85430807902281,14.347937525586902,0.34906585039886584,14.99999999999999,-0.06539217867433383,0.04694244095593171,0.0018645510636653337
29.5,0.7754928201656343,-0.15968931635965047,0.12226620685547802,2.753780210633127,13.88201112641565,3.603575428256037,1.858609722958197,13.436287223090027,3.6489506983080564,14.327735029741273,0.3490658503988658,14.99999999999999,-0.06258734172835263,0.03718233145931676,0.004008879740614926
29.75,0.7749572384809751,-0.15968239936499828,0.12223714002075707,2.5633003658284412,13.828449012407814,3.634138351549151,1.6821684362993818,13.355578498668168,3.4444322953575,14.301319526147461,0.3490658503988658,14.99999999999999,-0.06949135979290759,0.03273868757990856,0.0003109514548968543
30.0,0.7744215949367822,-0.15967436381790884,0.12220150692978096,2.374663923430132,13.76915541891185,3.6646931435875048,1.5083894843677974,13.269587008954575,3.240938362492466,14.268723828869128,0.3490658503988658,14.99999999999999,-0.06597021670257092,0.022562395887922547,0.0018601794210111487
30.25,0.7739060090516163,-0.15967122079952242,0.12216982725598284,2.1880401786462484,13.704193604540613,3.695239538537084,1.3374275017324513,13.178400799460945,3.038652855560046,14.229986409620283,0.3490658503988658,14.999999999999991,-0.06784069831900616,0.01628595607474189,-0.0022510194243808204
30.5,0.7733996108830341,-0.15966887426884455,0.12213199688182129,2.0035952326034945,13.633631314671744,3.7257771993873305,1.1694331306543302,13.08211196988702,2.8377573345526588,14.185150659456468,0.34906585039886584,14.999999999999991,-0.0651425649939838,0.00498188687071666,0.0003430676430870523
30.75,0.7729107933670701,-0.15967236063016899,0.12210095645047844,1.8214930164945211,13.557541369873713,3.7563062880657143,1.004554382056184,12.980816766998093,2.6384316509328576,14.134265972749333,0.34906585039886584,14.999999999999991,-0.05950511948958654,-0.001556982607315429,-0.006656591054982185
31.0,0.7724448904251515,-0.15967685538326853,0.12205939872571084,1.641893751349896,13.476000206535309,3.7868262218462196,0.8429344270738022,12.87461514008261,2.4408530756259896,14.07738527298801,0.34906585039886584,14.99999999999999,-0.057485131200563234,-0.014661926083727376,-0.003877866818697345
31.25,0.7719942260263353,-0.15968892762700698,0.12202662838044297,1.464955117634776,13.389089262671522,3.8173369148228256,0.6847134695332365,12.763611069152363,2.245196765736315,14.01456745619068,0.3490658503988658,14.999999999999988,-0.05063535778407046,-0.022268778459999524,-0.010868080756950333
31.5,0.7715676293017196,-0.15970279207823188,0.12198454377169607,1.290832164661622,13.296894237131143,3.847838178136445,0.5300283454884887,12.647912304615609,2.051635983834756,13.945876169646674,0.3490658503988658,14.999999999999988,-0.049233757201601565,-0.03716367370053704,-0.007788563288403503
31.75,0.7711536908650286,-0.1597256527987603,0.12195258540040754,1.1196771708177458,13.199505592022467,3.8783302456058975,0.37901274359389153,12.527630450165619,1.8603415980415998,13.871380733879315,0.3490658503988658,14.99999999999999,-0.04621830787419647,-0.04542533877117921,-0.011184708123372253
32.0,0.7707547031622923,-0.15975011213119789,0.12191774300048587,0.9516406074853458,13.097018566814231,3.9088139372431963,0.23179834958396756,12.402880883253184,1.6714828653867242,13.791156250375279,0.34906585039886584,14.99999999999999,-0.04218186268422138,-0.06485487081865382,-0.016562272625410386
32.25,0.77037223613789,-0.1597880354978569,0.12187743987782985,0.7868690611552367,12.9895327195141,3.939288185978501,0.08851107934833954,12.2737840700241,1.485227042962134,13.705281369004101,0.34906585039886584,14.999999999999991,-0.04255214892231118,-0.07914711719960431,-0.02155505006051845
32.5,0.7699971598779799,-0.15983290381917703,0.12183440007941475,0.6255060349243261,12.8771529800605,3.969751992282543,-0.05072686285166871,12.140465076015582,1.3017389327003208,13.613840884105418,0.3490658503988658,14.99999999999999,-0.04389330069721185,-0.08809206851660736,-0.022804904069577494
32.75,0.7696271330054567,-0.15987833295190007,0.12179599425259309,0.46769374589453094,12.759988282335579,4.000205647311001,-0.18579422675058097,12.003051382978416,1.1211817185396429,13.516925181692741,0.3490658503988658,14.99999999999999,-0.048169144097962406,-0.10686581202469501,-0.028215429291297663
33.0,0.7692560125376061,-0.1599347498548527,0.12175374809132568,0.3135712378577199,12.638152668777495,4.030649189987165,-0.31657364739091726,11.861675094344998,0.9437161231063572,13.414630243209992,0.3490658503988658,14.99999999999999,-0.051291180144873744,-0.12235546255133344,-0.033971606854254426
33.25,0.7688857960327801,-0.15999768932156247,0.12170843757573692,0.16327354007428393,12.511765067753526,4.061081763980554,-0.44295300209029775,11.716473058756007,0.7695000822388658,13.307057076751043,0.34906585039886584,14.999999999999991,-0.05424619706323987,-0.14014018132263778,-0.039404905302236524
33.5,0.7685165223713353,-0.16006892963790412,0.1216615036288384,0.016931783725363157,12.380947902350385,4.091502792200487,-0.564824398037204,11.567584671695684,0.5986879654879305,13.194311133005087,0.34906585039886584,14.999999999999991,-0.05656035004277767,-0.15779120312831474,-0.045377458106750146
33.75,0.7681490774961344,-0.16014757201509827,0.1216126657018653,-0.1253270863340286,12.245827296790278,4.1219118319508965,-0.6820845279418458,11.415152179061137,0.43143035527378876,13.076502414519418,0.34906585039886584,14.999999999999991,-0.059675948658931,-0.17718381459954313,-0.051278089499264205
34.0,0.7677815132717191,-0.16023472834870922,0.12156265661396345,-0.26338022199172956,12.106533075404334,4.15230850400714,-0.794634602214635,11.259320715075487,0.267874158231176,12.953745435733182,0.3490658503988658,14.99999999999999,-0.062347056959808383,-0.200602299235324,-0.058316493698893114
34.25,0.767414226803756,-0.16033383784387134,0.12150993150068495,-0.397109407123063,11.963198954669373,4.1826923101839855,-0.9023810099797368,11.100238580522788,0.108162195733611,12.82615932881596,0.3490658503988658,14.99999999999999,-0.06458467743003489,-0.21887588918825496,-0.06887807399365505
34.5,0.767047946524305,-0.16043857991953428,0.12144973934552028,-0.5264005939352799,11.81596167047026,4.213061948248972,-1.0052354391594016,10.938056669345313,-0.04756574871115812,12.693866671595208,0.3490658503988658,14.99999999999999,-0.06603432599417548,-0.23000279857447337,-0.07018498889554882
34.75,0.7666839345037604,-0.16054050234530226,0.12139989805423632,-0.6511427539712116,11.66496003445223,4.243417903110683,-1.1031114449074808,10.77292623329123,-0.19917406303494206,12.556993835613232,0.34906585039886584,14.999999999999991,-0.0690993057632538,-0.25199750226783896,-0.08037856151636685
35.0,0.766318758618047,-0.1606516469998263,0.12134235976706445,-0.7712293699696218,11.510336264730391,4.273760379584563,-1.1959276591777965,10.605001319451214,-0.3465310807614469,12.415671210009569,0.3490658503988658,14.99999999999999,-0.07256857632359137,-0.27707835820366883,-0.09183339753308672
35.25,0.7659516505548614,-0.16077447271001483,0.12127718338819155,-0.8865600343356409,11.352236832080115,4.304087460278751,-1.2836110768303213,10.43444030253018,-0.48950899184096053,12.270033361630048,0.3490658503988658,14.99999999999999,-0.077893783753015,-0.29859567426071193,-0.10008723372872505
35.5,0.7655787948474732,-0.16090395122257534,0.12121205817626186,-0.9970387467581372,11.190811400473075,4.334398252887204,-1.3660925283749659,10.261403359688877,-0.6279849651413084,12.120219441257275,0.3490658503988658,14.999999999999988,-0.08190186364877028,-0.32008387808143557,-0.11045946191657643
35.75,0.7652026111908504,-0.16103945906947312,0.12114347965893298,-1.1025736491888973,11.026212089558284,4.364692307779087,-1.4433068660640802,10.0860520633298,-0.7618404323137147,11.966372115786765,0.3490658503988658,14.999999999999991,-0.08673865297417416,-0.3413969373625565,-0.12028501056940992
36.0,0.7648214213664289,-0.16118017637183654,0.12107334764210377,-1.203077710736684,10.85859332478381,4.394969013043541,-1.5151941687239256,9.908549474925508,-0.8909612527494418,11.808637174642113,0.3490658503988658,14.999999999999991,-0.08967261263437162,-0.36277567765045227,-0.13164702989355082
36.25,0.7644389165890105,-0.161325730401173,0.12099956109025252,-1.2984688219903553,10.688111541117825,4.425227702199842,-1.5816997108053432,9.729059788801418,-1.0152379331753671,11.647163293434232,0.3490658503988658,14.999999999999991,-0.09682141408461788,-0.38434685812126007,-0.14134750703779503
36.5,0.7640468282830813,-0.16147572588410272,0.12092587668782294,-1.3886696877067726,10.514925837254498,4.455467960070732,-1.6427735306135296,9.547748895312717,-1.1345658448000155,11.48210277919628,0.3490658503988658,14.99999999999999,-0.09991642842903638,-0.40085210454542197,-0.15348953846695096
36.75,0.7636532502324489,-0.1616245084778313,0.12084833148942989,-1.4736073231134725,10.339197120014433,4.485689289573738,-1.6983702107624656,9.364783632661268,-1.2488444354644794,11.313610607367597,0.3490658503988658,14.99999999999999,-0.10663268181387434,-0.42426055801509466,-0.16618288856388236
37.0,0.7632513843748107,-0.16177944658130336,0.1207667460651217,-1.5532142443121013,10.161088070320057,4.515890700918446,-1.7484504448157479,9.180331818230426,-1.3579780438084543,11.141844322409689,0.3490658503988658,14.999999999999991,-0.11317992047079235,-0.4451010582770544,-0.1779775557808821
37.25,0.7628416655137831,-0.1619371491997709,0.12068377952950532,-1.6274285380272153,9.980763951810045,4.546071535982178,-1.7929802774395547,8.99456284575799,-1.4618767986148755,10.966965057862101,0.34906585039886584,14.999999999999991,-0.11725888348201045,-0.46363759159898577,-0.19080927922451407
37.5,0.7624291066525907,-0.1620949581032029,0.12059810564148964,-1.6961929486984373,9.798390711624437,4.576231274051612,-1.8319303420015407,8.80764586048481,-1.5604555553953334,10.789135562764063,0.34906585039886584,14.99999999999999,-0.1242633739607339,-0.48336807091280126,-0.20178286079258745
37.75,0.762008129762633,-0.16225397749141512,0.12051342617143483,-1.7594552986131562,9.614135680986776,4.606369727796412,-1.8652760519448828,8.619750459769715,-1.6536345452814296,10.608520902203837,0.3490658503988658,14.99999999999999,-0.13033445832447135,-0.49943688970839806,-0.21552431879964673
38.0,0.7615808822503881,-0.1624103321982922,0.12042485302711425,-1.8171682264421645,9.428167776309259,4.636486502658277,-1.8929978437763166,8.431046986667308,-1.7413386091080123,10.425288565951211,0.3490658503988658,14.999999999999988,-0.13674649329730834,-0.5177057860196383,-0.22791413524559775
38.25,0.7611471011115217,-0.16256649528806769,0.12033547896012849,-1.8692896127166034,9.240656712875198,4.66658103174031,-1.9150815427183088,8.241705713501693,-1.823497682714898,10.239607712248706,0.3490658503988658,14.99999999999999,-0.14308735402347444,-0.5341109273218343,-0.24072423226817785
38.5,0.7607072149776669,-0.16272050977408808,0.12024475894779454,-1.9157827100071523,9.051773089298145,4.696653043765447,-1.931517997213148,8.051896896591893,-1.9000474228011566,10.051649282004396,0.34906585039886584,14.99999999999999,-0.1495901881852371,-0.5502661264297444,-0.2530852694717913
38.75,0.7602612340711344,-0.16287226018565787,0.12015366588067201,-1.956615834353367,8.861688151435976,4.726702330526663,-1.9423029729403265,7.8617905856725425,-1.9709286957664074,9.86158571719941,0.34906585039886584,14.99999999999999,-0.15655743705144898,-0.5642283818221155,-0.2662547884914287
39.0,0.759808671997785,-0.16301967130963066,0.12006086000251717,-1.991762328056797,8.67057377936872,4.756728623393047,-1.947437212272493,7.671556620301482,-2.036087443841101,9.669590938435958,0.34906585039886584,14.999999999999988,-0.16438943493260444,-0.5771351660322575,-0.2793900913297926
39.25,0.7593483982087114,-0.16316202355604714,0.1199666903489505,-2.021200544762975,8.478602491051124,4.7867315409536335,-1.9469264448855443,7.481364626704077,-2.095474644640406,9.475840355398168,0.3490658503988658,14.999999999999988,-0.17177972352231344,-0.5890912890514258,-0.29094379972426926
39.5,0.7588817327618761,-0.1632986819684051,0.11987397420627091,-2.0449140024519945,8.285947067116584,4.816711113373181,-1.940780991352602,7.291383687537699,-2.149047013551387,9.28051044669547,0.3490658503988658,14.999999999999986,-0.17901965112288654,-0.6000343601870103,-0.3024154189232689
39.75,0.7584093530945252,-0.16342907231794832,0.11978225824144974,-2.0628912795970265,8.092780179156222,4.8466676442922,-1.9290157764373863,7.101782020906791,-2.196766782756666,9.083778337405652,0.3490658503988658,14.999999999999984,-0.18635234257161684,-0.6096973928391546,-0.31349447406147374
40.0,0.7579315040095278,-0.16355239217482687,0.11969173638212083,-2.07512596861378,7.899274383111515,4.876601409602742,-1.9116505627586318,6.912726973363434,-2.238601374468929,8.885821792859595,0.34906585039886584,14.999999999999988,-0.1937491106224164,-0.6179350651161254,-0.3242808040000186
40.25,0.7574485248279211,-0.16366777418296102,0.11960237725519506,-2.081616619219094,7.705602036568747,4.906512703972359,-1.8887098274716274,6.724384950650387,-2.2745234109665606,8.686819122487107,0.3490658503988659,14.999999999999991,-0.2010753144552453,-0.624865387153527,-0.3364601709492651
40.5,0.7569611779821829,-0.1637746714426831,0.11951133911406182,-2.082366758896577,7.511935105987532,4.936401443483839,-1.860223150549718,6.536921148512694,-2.304510367243435,8.486949063462369,0.3490658503988659,14.999999999999991,-0.21448449307830925,-0.6323094197740712,-0.353641758491861
40.75,0.756458751917837,-0.16387469330906507,0.11941039935566601,-2.0773856661107963,7.3184463028909565,4.966266128149452,-1.826226959157744,6.350500382954456,-2.3285443730638478,8.286392222827457,0.34906585039886595,14.999999999999993,-0.21051753335993406,-0.6320982592623625,-0.3495920040463172
41.0,0.7559749467366906,-0.1639594231790875,0.11933780524124701,-2.0666863199037966,7.125305081328166,4.996109314104306,-1.786757145134845,6.165284426803743,-2.346615494672749,8.085325735852589,0.3490658503988659,14.999999999999991,-0.2210599472156633,-0.6357353463212427,-0.3621278349314669
41.25,0.7554813042172828,-0.16403506608768692,0.11925774318589205,-2.050285556951656,6.932679860125096,5.02593337588546,-1.7418533969394214,5.981433518386933,-2.3587177169638895,7.883926201863258,0.3490658503988659,14.999999999999991,-0.23050127358411995,-0.638113567419892,-0.3718537251232143
41.5,0.7549810428201199,-0.16410106704669478,0.11917668261516748,-2.0282068264363438,6.740741040874006,5.055737298152798,-1.6915649673950883,5.799108278730897,-2.3648486854775985,7.682373803017115,0.34906585039886584,14.99999999999999,-0.24396913638777598,-0.6360299411105261,-0.38424551908653437
41.75,0.7544674707891612,-0.1641537932783103,0.11909023602211119,-2.0004785262160936,6.549658619977678,5.085520257392811,-1.6359454966398335,5.6184681612916165,-2.3650115557923526,7.480849078663741,0.3490658503988659,14.99999999999999,-0.24666964075986425,-0.6351870607265432,-0.38620314268552863
42.0,0.7539620287456371,-0.16419529509707698,0.11901695484936675,-1.9671333718325057,6.359599750808737,5.1152833425595015,-1.5750507802865903,5.439669730966657,-2.359215963378421,7.279529770650817,0.3490658503988659,14.99999999999999,-0.2471350928753316,-0.6303338066369641,-0.38947475504757895
42.25,0.7534688112472377,-0.1642225232039315,0.11895109242317464,-1.9282072135949728,6.170727643311677,5.145029087289777,-1.5089381000294713,5.262865643660683,-2.3474763271604746,7.078589642962672,0.34906585039886595,14.999999999999991,-0.25689398037986694,-0.6256113815115647,-0.39484376252642933
42.5,0.7529700601298814,-0.1642371061240048,0.1188868828570104,-1.883740845238866,5.983205984668048,5.174758592684489,-1.437670689638458,5.088207986746657,-2.3298110008392734,6.878203982589438,0.3490658503988659,14.99999999999999,-0.2677042570098458,-0.6186541147800975,-0.402227236802318
42.75,0.7524646801722938,-0.16423800279833284,0.11882024424052604,-1.8337808934181803,5.797199184515637,5.204471734861607,-1.3613183446198793,4.915848437092568,-2.306243442216481,6.678549931938707,0.3490658503988659,14.99999999999999,-0.27602234446309976,-0.6084936346493584,-0.40313575882008584
43.0,0.7519582149919997,-0.16422283169380014,0.11876242198106192,-1.7783782456232418,5.612869754464621,5.234169387478221,-1.2799538246897566,4.7459365986693145,-2.276802666556727,6.479802910259928,0.3490658503988659,14.999999999999988,-0.2794022087520789,-0.600307744590625,-0.40504442197635465
43.25,0.7514605462671726,-0.16419524332867202,0.1187090335751033,-1.7175875119378254,5.430376886006395,5.263853171241858,-1.19365258512514,4.578618591379439,-2.2415224387505113,6.28213518063335,0.3490658503988659,14.999999999999991,-0.28497373097084905,-0.5902893255631886,-0.40649584274539374
43.5,0.7509676887821999,-0.16415455626011677,0.11865956060403508,-1.6514676525879959,5.249877301875572,5.293524128149315,-1.1024945603736565,4.414037278889751,-2.200440744802336,6.085717324861394,0.3490658503988659,14.999999999999991,-0.2880940677522304,-0.5786867755388105,-0.40637925331979574
43.75,0.7504846992625143,-0.16410036256312807,0.11861547543450948,-1.580081772355743,5.071525922472531,5.323183429165274,-1.0065633247376835,4.2523332770940865,-2.1536002199738022,5.890718567850975,0.3490658503988659,14.99999999999999,-0.2959709153673484,-0.5632508135249893,-0.40427546475050646
44.0,0.750002559096654,-0.16402986509615056,0.11857856893790496,-1.5034971918022748,4.89547647506033,5.352832662106937,-0.9059459340042495,4.093645760816897,-2.1010484496003006,5.697307189303762,0.34906585039886584,14.99999999999999,-0.30153491508470903,-0.5480057436655429,-0.40254599956646264
44.25,0.7495261747182194,-0.16394484446014485,0.11854600627259189,-1.4217856485786404,4.721881256446775,5.382473245132656,-0.8007336152116554,3.9381119205762722,-2.0428376819456244,5.505650592317277,0.34906585039886584,14.999999999999991,-0.308371635164284,-0.5295230781653122,-0.3972951698530769
44.5,0.7490533471545148,-0.16384313710200787,0.11852238741983838,-1.3350228731704128,4.550890279909227,5.41210687217787,-0.6910209798223766,3.785866383965024,-1.9790247665184488,5.315914175853431,0.34906585039886584,14.999999999999991,-0.31046463066932634,-0.5175353434270316,-0.3958925357237578
44.75,0.7485935829508348,-0.16373339943921786,0.11849849374344018,-1.24328875065043,4.382650222996427,5.441734556447598,-0.5769069183784623,3.637039564798791,-1.9096705829223977,5.128260881194062,0.34906585039886584,14.999999999999991,-0.3145992514811155,-0.4953319337708039,-0.3881342670698568
45.0,0.7481430147859813,-0.16360550213102926,0.11848536366938607,-1.1466666644847587,4.217305095530318,5.471357689964194,-0.4584931020305991,3.491758992281769,-1.8348402269389181,4.942851198778868,0.34906585039886584,14.999999999999991,-0.3192540763683411,-0.47438452290298344,-0.3817543556529941
45.25,0.7477008028744662,-0.16346259089227905,0.11847754177404882,-1.0452436302197436,4.0549977108484585,5.500978243497625,-0.33588400488716996,3.3501509743531885,-1.7546032555523166,4.759844447343729,0.34906585039886584,14.999999999999991,-0.3225084100294722,-0.45276868796654507,-0.3746578083044789
45.5,0.7472699501199989,-0.1633054559807649,0.1184747051916645,-0.9391107608564604,3.8958680045603593,5.530597499868513,-0.20918828974665218,3.2123380592258157,-1.669033231966269,4.5793979498949025,0.34906585039886584,14.99999999999999,-0.3268522026242736,-0.42677373594741463,-0.3647827134642629
45.75,0.7468485306463822,-0.16313081150561612,0.11848019727274559,-0.8283627408475301,3.740053600555127,5.560217148089204,-0.07851747913095712,3.07844035742795,-1.578208002564103,4.401666843682304,0.34906585039886584,14.99999999999999,-0.32845871364730334,-0.40430638698237653,-0.3542979154103823
46.0,0.7464419230629665,-0.16294406764786815,0.11849256247428638,-0.71309786699479,3.5876891562837097,5.589839073801428,0.05601383208901575,2.9485747734573833,-1.482209566078596,4.226803539110035,0.34906585039886584,14.99999999999999,-0.33129669286215263,-0.38327051760878716,-0.3441934566236038
46.25,0.7460476540979175,-0.16274800513164028,0.11850927593838134,-0.5934185180691387,3.4389057397317706,5.619464662263237,0.1942870605911593,2.8228538577028157,-1.3811240967294365,4.054957621760726,0.34906585039886584,14.99999999999999,-0.3332381495603327,-0.35851247024946215,-0.3314761757983146
46.5,0.7456673749197293,-0.1625395892740882,0.11853370402986954,-0.4694307472662811,3.293831786425287,5.649095444684757,0.33618048879693013,2.7013872435915918,-1.2750419833294921,3.8862763292589824,0.34906585039886584,14.99999999999999,-0.33516164129916187,-0.3339894200878478,-0.31879989338388093
46.75,0.7453010148203254,-0.16232034515075355,0.11856370450006719,-0.3412438645193146,3.152592987646963,5.678733066712561,0.4815696545569567,2.584281530054729,-1.1640573835955859,3.7209044452391975,0.34906585039886584,14.999999999999991,-0.3355309416501056,-0.31177328422177153,-0.30407742359229833
47.0,0.7449513263406295,-0.16209373399829008,0.11860119358057088,-0.20897073002119088,3.0153114649622106,5.70837917119823,0.6303269866270809,2.471639373689208,-1.0482684466694625,3.558983556235213,0.34906585039886584,14.999999999999991,-0.33633364965151613,-0.2839333997434842,-0.2894059069846849
47.25,0.7446172249801992,-0.16185469140033057,0.11864438260295444,-0.07272728250217798,2.8821065018315095,5.738035397200991,0.7823222826252868,2.36356022503874,-0.9277768476296431,3.400652778624278,0.34906585039886584,14.999999999999991,-0.3378200520383209,-0.25048255000833214,-0.27336734034423343
47.5,0.7442974835365264,-0.16159859676478827,0.1186942396484912,0.06736757929921283,2.7530955627873004,5.767703299636284,0.9374227949957934,2.2601412833260275,-0.8026876363973677,3.2460498422485733,0.34906585039886584,14.999999999999991,-0.337526339281618,-0.22327480128393637,-0.2567012752189673
47.75,0.7439955535235421,-0.1613337280729157,0.11874981240547762,0.211191620420564,2.6283924974776904,5.7973844149749745,1.0954929032004435,2.161475758354015,-0.6731096623593158,3.095309236601365,0.34906585039886584,14.999999999999991,-0.337552108436058,-0.19483259442590015,-0.2392710039458023
48.0,0.7437105687550323,-0.16105974497603448,0.11881103010196763,0.35861915740587125,2.5081069927918107,5.827080163243562,1.2563939680299288,2.0676522398267556,-0.5391556532181864,2.948561745756866,0.34906585039886584,14.99999999999999,-0.3360732613994067,-0.16782778770855403,-0.22257108876529585
48.25,0.7434452571903933,-0.16077924167893076,0.11887527724223117,0.5095214513981753,2.392345100602795,5.856791608866181,1.4199846489862427,1.9787550065585728,-0.40094174618989215,2.805935194647018,0.34906585039886584,14.999999999999991,-0.3347188802526238,-0.14323661741771634,-0.2025683835698052
48.5,0.743198863208239,-0.16049537994720847,0.11894741245378798,0.6637666361144113,2.281208715616563,5.88652014818973,1.586121154340276,1.8948641249798672,-0.2585878821114528,2.6675533062532595,0.34906585039886584,14.999999999999991,-0.3335243614588366,-0.11324685222127236,-0.1831511229185444
48.75,0.7429705720486524,-0.16020299474045266,0.1190247611136103,0.8212198664860216,2.174796686687996,5.9162674033704885,1.7546573156399898,1.8160564902826164,-0.11221758266794614,2.5335368830933764,0.34906585039886584,14.999999999999991,-0.3319457021178831,-0.08266197826070089,-0.1646260876357667
49.0,0.742760999061239,-0.15990251865387423,0.11910463361915292,0.9817436076350413,2.073204886776745,5.946034323034624,1.9254445557753133,1.7424050674301026,0.038042659494769204,2.4040047061233865,0.34906585039886584,14.99999999999999,-0.32942242777866804,-0.055737578078079865,-0.14030720859167628
49.25,0.7425713935815912,-0.15959843375007632,0.11919612837454777,1.1451975045224407,1.976524899029363,5.97582273410579,2.098332331133442,1.6739790308639761,0.19206267791144002,2.2790707671947494,0.3490658503988659,14.999999999999991,-0.3273606061312266,-0.028326281389218833,-0.1215898547518972
49.5,0.7424003027591357,-0.15929100146032832,0.11928703242579637,1.3114383137233145,1.8848442292214533,6.005633934013797,2.2731675620913805,1.6108426729206542,0.34970906535524837,2.1588457855222525,0.34906585039886584,14.99999999999999,-0.3250435991520593,-0.0016374619175733613,-0.10249107515196693
49.75,0.7422480626333161,-0.15898153798523498,0.11937841446456629,1.4803199413274237,1.798246303562918,6.035467915225009,2.4497945646555523,1.553054634200806,0.5108453179992948,2.043437972925029,0.34906585039886584,14.99999999999999,-0.32138666522909426,0.027783749294191584,-0.07829709977937918
50.0,0.7421167261850323,-0.15866732740761802,0.1194790724509,1.651694063220108,1.7168106634759435,6.065325956287039,2.6280564292776356,1.5006705928084927,0.6753316971625809,1.9329507341433947,0.34906585039886584,14.99999999999999,NaN,NaN,NaN
